1648.3602150537636,434.74623655913956
1744.7043010752686,434.74623655913956
1752.9623655913979,597.1548387096773
1651.1129032258063,599.9075268817203
1645.6075268817203,426.48817204301054

1152.8763440860216,605.4129032258063
1133.6075268817203,751.3053763440859
1062.0376344086021,751.3053763440859
1059.2849462365593,594.4021505376343
1125.3494623655915,597.1548387096773

938.1666666666666,767.821505376344
954.6827956989247,583.3913978494622
828.0591397849463,575.1333333333332
833.5645161290323,776.079569892473
940.9193548387096,773.32688172043

728.962365591398,751.3053763440859
739.97311827957,588.8967741935483
635.3709677419355,575.1333333333332
621.6075268817204,773.32688172043
734.467741935484,762.316129032258

346.3387096774194,599.9075268817203
332.57526881720435,748.5526881720428
230.72580645161293,756.8107526881719
236.23118279569894,591.6494623655913
354.5967741935484,572.3806451612902

965.6935483870969,236.55268817204296
971.198924731183,98.91827956989232
885.8655913978495,85.15483870967728
869.3494623655914,228.2946236559137
973.951612903226,217.28387096774168

1752.9623655913979,440.2516129032256
1827.2849462365593,429.24086021505354
1863.0698924731182,586.1440860215052
1750.2096774193546,586.1440860215052
1747.4569892473119,418.2301075268815

1546.510752688172,236.55268817204296
1631.8440860215055,236.55268817204296
1618.0806451612902,96.16559139784931
1541.005376344086,79.64946236559126
1543.7580645161293,220.03655913978469

1563.02688172043,602.6602150537633
1554.7688172043013,431.99354838709655
1441.9086021505377,423.7354838709675
1444.661290322581,580.6387096774192
1582.2956989247314,580.6387096774192

1141.8655913978496,588.8967741935483
1048.2741935483873,586.1440860215052
1056.532258064516,426.48817204301054
1152.8763440860216,426.48817204301054
1150.1236559139784,588.8967741935483

946.4247311827957,583.3913978494622
949.1774193548387,751.3053763440859
844.5752688172043,756.8107526881719
850.0806451612904,599.9075268817203
938.1666666666666,591.6494623655913

629.8655913978495,748.5526881720428
640.8763440860215,588.8967741935483
750.9838709677421,594.4021505376343
748.231182795699,745.7999999999998
643.6290322580645,748.5526881720428

749.8156565656567,336.02813852813847
697.6060606060607,316.63600288600276
658.8217893217894,403.1547619047618
716.9981962481963,432.98881673881664
749.8156565656567,339.01154401154395

667.7720057720059,532.9329004329004
714.0147907647909,430.0054112554112
752.7990620490622,449.3975468975468
725.9484126984128,549.3416305916305
670.7554112554113,528.4577922077922

130.75901875901877,465.80627705627694
181.476911976912,482.2150072150071
144.18434343434342,586.634199134199
90.48304473304472,556.8001443001442
124.79220779220776,461.3311688311687

699.0977633477635,168.95743145743143
737.8820346320348,82.43867243867237
688.6558441558442,54.09632034632034
652.8549783549785,157.02380952380952
690.1475468975469,171.9408369408369

642.4130591630592,160.007215007215
684.180735930736,52.6046176046176
628.9877344877345,33.21248196248189
593.1868686868687,131.66486291486285
643.904761904762,146.58189033189024

447.0,216.69191919191917
411.1991341991343,310.6691919191918
366.448051948052,289.78535353535347
394.79040404040404,194.31637806637798
445.50829725829726,225.6421356421356

698.9783549783549,517.1046176046176
761.8391053391053,472.64213564213566
850.7640692640691,616.7619047619048
795.5692640692639,658.1580086580086
706.6443001443,523.2373737373737

409.20562770562765,273.3275613275613
346.3448773448773,299.39177489177484
427.603896103896,437.3787878787879
493.5310245310244,392.9163059163059
409.20562770562765,270.2611832611833

212.95743145743137,402.11544011544015
294.2164502164501,538.5692640692641
199.15873015873007,598.3636363636364
111.76695526695516,455.7770562770563
214.49062049062042,400.5822510822511

498.13059163059154,392.9163059163059
436.80303030303025,449.64430014430013
344.8116883116883,313.19047619047615
403.07287157287146,267.1948051948052
495.06421356421345,380.6507936507936

407.6724386724386,271.79437229437235
478.19913419913416,221.19913419913416
564.05772005772,356.1197691197691
501.19696969696963,392.9163059163059
406.13924963924956,254.92929292929296

679.0468975468975,72.47979797979804
743.4408369408368,26.484126984126988
838.498556998557,166.00432900432895
771.0382395382394,213.53318903318905
685.1796536796536,74.01298701298697

905.9588744588743,109.2763347763348
832.3658008658008,153.7388167388167
746.5072150072149,28.017316017316034
818.5670995670996,3.4862914862915204
909.0252525252524,104.67676767676767

821.6334776334775,445.0447330447331
915.1580086580086,569.2330447330447
841.5649350649351,627.494227994228
758.7727272727273,484.9076479076479
806.3015873015872,440.44516594516597

347.8535353535354,488.3787878787879
351.0425685425685,523.458152958153
274.50577200577203,533.0252525252525
269.72222222222223,499.54040404040404
341.4754689754689,483.5952380952381

371.7712842712843,614.3455988455988
381.3383838383838,652.6139971139971
300.0180375180375,665.3701298701299
290.450937950938,627.1017316017317
371.7712842712843,617.5346320346321

614.1378066378065,652.6139971139971
646.0281385281385,660.5865800865802
641.2445887445886,753.0685425685426
604.5707070707072,745.0959595959596
614.1378066378065,651.0194805194806

322.3412698412698,805.6875901875901
312.7741702741702,762.6356421356421
398.8780663780664,745.0959595959596
410.0396825396825,783.3643578643578
325.53030303030306,805.6875901875901

351.0425685425685,486.7842712842713
355.8261183261183,517.0800865800866
272.91125541125535,537.8088023088023
268.12770562770567,493.1623376623377
344.66450216450215,474.0281385281386

511.9112903225806,193.87419354838715
568.2849462365591,193.03279569892482
571.6505376344086,278.85537634408604
512.752688172043,278.85537634408604
513.5940860215054,193.03279569892482

473.20698924731187,196.39838709677423
472.36559139784947,282.2209677419355
514.4354838709677,283.90376344086025
512.752688172043,202.28817204301083
475.73118279569894,192.19139784946242

431.97849462365593,194.7155913978495
434.502688172043,281.3795698924731
473.20698924731187,283.0623655913979
471.5241935483871,193.03279569892482
439.55107526881716,191.35000000000008

387.38440860215053,196.39838709677423
435.3440860215054,197.23978494623663
436.1854838709677,282.2209677419355
394.9569892473118,278.01397849462364
384.01881720430106,196.39838709677423

346.997311827957,197.23978494623663
311.6586021505376,193.03279569892482
307.4516129032258,275.48978494623657
352.88709677419354,278.85537634408604
349.52150537634407,203.12956989247317

843.3709677419354,665.0483870967743
928.5322580645161,672.7903225806452
940.1451612903224,846.9838709677421
839.5,850.8548387096776
843.3709677419354,680.5322580645162

1122.0806451612902,858.5967741935485
1226.5967741935483,846.9838709677421
1230.467741935484,1044.4032258064517
1118.2096774193549,1052.1451612903227
1118.2096774193549,862.467741935484

1311.758064516129,843.1129032258066
1416.274193548387,854.725806451613
1427.8870967741934,1017.3064516129034
1350.467741935484,1048.2741935483873
1323.3709677419354,858.5967741935485

1118.2096774193549,665.0483870967743
1025.3064516129032,672.7903225806452
1017.5645161290322,823.7580645161291
1106.5967741935483,846.9838709677421
1141.4354838709678,676.6612903225807

1602.0806451612902,854.725806451613
1691.1129032258063,854.725806451613
1714.3387096774193,1052.1451612903227


1416.274193548387,846.9838709677421
1505.3064516129032,854.725806451613
1516.9193548387098,1028.9193548387098
1431.758064516129,1028.9193548387098
1420.1451612903227,843.1129032258066

1218.8548387096773,661.1774193548388
1122.0806451612902,657.3064516129033
1122.0806451612902,839.2419354838711
1230.467741935484,839.2419354838711
1230.467741935484,665.0483870967743















314.8181818181818,133.1363636363636
361.030303030303,132.37878787878785
361.78787878787875,215.7121212121212
320.1212121212121,219.5
313.3030303030303,129.34848484848482

358.0,132.37878787878785
318.60606060606057,134.65151515151513
317.09090909090907,216.46969696969694
364.8181818181818,216.46969696969694
356.48484848484844,131.6212121212121


317.09090909090907,136.16666666666663
358.75757575757575,135.40909090909088
359.5151515151515,216.46969696969694
316.3333333333333,216.46969696969694
316.3333333333333,139.19696969696966

317.09090909090907,33.89393939393938
315.57575757575756,117.22727272727269
360.27272727272725,120.25757575757572
357.24242424242425,31.621212121212068
317.8484848484848,34.65151515151513




274.66666666666663,133.1363636363636
273.1515151515151,215.7121212121212
314.8181818181818,218.74242424242425
316.3333333333333,134.65151515151513
276.1818181818182,131.6212121212121


229.96969696969694,133.1363636363636
273.1515151515151,131.6212121212121
272.3939393939394,217.22727272727272
233.0,218.74242424242425
234.5151515151515,132.37878787878785

276.1818181818182,34.65151515151513
231.48484848484844,35.40909090909088
229.96969696969694,117.22727272727269
279.2121212121212,119.49999999999997
275.4242424242424,36.16666666666663

317.09090909090907,136.16666666666663
318.60606060606057,217.22727272727272
361.78787878787875,221.77272727272725
356.48484848484844,133.89393939393938
316.3333333333333,132.37878787878785

276.93939393939394,133.1363636363636
277.6969696969697,211.16666666666666
318.60606060606057,219.5
314.8181818181818,133.1363636363636
279.2121212121212,130.86363636363635




490.6290322580646,415.48387096774195
398.6935483870968,415.48387096774195
393.85483870967744,596.9354838709678
471.2741935483872,606.6129032258065
490.6290322580646,432.4193548387097

1197.0806451612905,422.741935483871
1102.725806451613,413.06451612903226
1102.725806451613,613.8709677419355
1194.6612903225807,611.4516129032259
1194.6612903225807,427.58064516129036

1107.5645161290324,413.06451612903226
1010.7903225806454,405.80645161290323
1005.9516129032259,616.2903225806451
1107.5645161290324,616.2903225806451
1114.8225806451615,410.6451612903226

1015.6290322580646,420.32258064516134
926.1129032258066,413.06451612903226
918.8548387096776,606.6129032258065
1020.4677419354839,609.0322580645161
1025.3064516129034,422.741935483871

841.4354838709678,417.90322580645164
749.5000000000001,415.48387096774195
747.0806451612904,616.2903225806451
836.5967741935485,613.8709677419355
851.1129032258066,417.90322580645164

664.8225806451613,425.16129032258067
577.7258064516129,422.741935483871
568.0483870967743,606.6129032258065
662.4032258064517,606.6129032258065
667.2419354838711,432.4193548387097

490.6290322580646,420.32258064516134
396.2741935483872,415.48387096774195
386.5967741935484,601.7741935483871
483.3709677419356,604.1935483870968
495.4677419354839,425.16129032258067

662.4032258064517,1.7741935483870748
577.7258064516129,9.0322580645161
575.3064516129033,195.32258064516134
669.6612903225807,195.32258064516134
674.5000000000001,16.290322580645125

309.1774193548388,9.0322580645161
224.50000000000003,6.612903225806463
224.50000000000003,175.9677419354839
314.01612903225805,183.22580645161293
309.1774193548388,4.1935483870968255

226.91935483870972,1.7741935483870748
137.40322580645162,11.45161290322585
127.72580645161295,202.58064516129036
226.91935483870972,207.41935483870964
226.91935483870972,18.709677419354875

400.142857142857,596.9025974025974
316.9448051948051,594.8733766233765
302.7402597402596,736.9188311688312
396.0844155844154,743.0064935064935
396.0844155844154,605.0194805194805

678.1461038961038,574.5811688311687
586.8311688311687,568.4935064935064
617.2694805194803,736.9188311688312
710.6136363636363,740.9772727272726
680.1753246753245,566.4642857142857

594.9480519480518,580.668831168831
495.51623376623365,574.5811688311687
499.57467532467524,738.9480519480519
594.9480519480518,740.9772727272726
590.8896103896102,590.8149350649351

495.51623376623365,580.668831168831
389.9967532467531,584.7272727272726
396.0844155844154,734.8896103896103
503.6331168831167,738.9480519480519
493.4870129870128,580.668831168831

314.91558441558436,582.6980519480519
223.6006493506493,582.6980519480519
215.48376623376612,734.8896103896103
304.76948051948045,728.801948051948
316.9448051948051,582.6980519480519

576.6850649350648,436.59415584415575
485.37012987012974,436.59415584415575
495.51623376623365,560.3766233766232
576.6850649350648,550.2305194805194
564.5097402597402,432.5357142857142

339.26623376623365,227.58441558441552
258.0974025974025,223.52597402597394
260.12662337662323,316.87012987012974
341.2954545454544,310.7824675324674
347.3831168831168,211.3506493506493

199.2499999999999,223.52597402597394
126.19805194805184,221.4967532467531
105.90584415584408,324.9870129870129
185.04545454545445,329.0454545454544
197.22077922077915,233.67207792207785

132.28571428571422,239.75974025974017
65.3214285714285,229.61363636363626
42.999999999999886,320.92857142857133
105.90584415584408,312.81168831168816
122.13961038961031,233.67207792207785


667.9999999999999,440.65259740259734
578.7142857142856,442.6818181818181
594.9480519480518,568.4935064935064
704.5259740259739,572.551948051948
667.9999999999999,438.62337662337654

408.25974025974017,308.7532467532467
337.2370129870129,310.7824675324674
335.20779220779207,227.58441558441552
400.142857142857,225.55519480519467
410.2889610389609,298.6071428571428

410.2889610389609,444.71103896103887
337.2370129870129,442.6818181818181
333.17857142857133,566.4642857142857
420.4350649350648,568.4935064935064
416.37662337662323,442.6818181818181

331.1493506493505,310.7824675324674
272.301948051948,310.7824675324674
276.36038961038946,223.52597402597394
333.17857142857133,223.52597402597394
333.17857142857133,302.66558441558436

483.340909090909,584.7272727272726
505.66233766233756,724.7435064935064
396.0844155844154,724.7435064935064
396.0844155844154,572.551948051948
485.37012987012974,584.7272727272726

481.31168831168816,227.58441558441552
428.5519480519479,223.52597402597394
416.37662337662323,316.87012987012974
499.57467532467524,312.81168831168816
489.42857142857133,227.58441558441552

152.57792207792198,588.7857142857142
219.5422077922077,602.9902597402597
209.3961038961038,732.8603896103896
126.19805194805184,726.7727272727273
158.6655844155843,594.8733766233765

223.6006493506493,576.6103896103896
142.43181818181807,568.4935064935064
128.22727272727263,722.7142857142857
217.51298701298697,722.7142857142857
219.5422077922077,588.7857142857142

327.090909090909,215.40909090909076
274.3311688311687,225.55519480519467
266.21428571428555,126.12337662337654
306.7987012987012,124.0941558441557
325.06168831168816,203.23376623376612

641.6201298701297,316.87012987012974
609.1525974025973,211.3506493506493
676.116883116883,201.20454545454538
706.5551948051947,316.87012987012974
647.7077922077921,320.92857142857133

412.31818181818176,314.840909090909
345.353896103896,320.92857142857133
353.47077922077915,227.58441558441552
408.25974025974017,225.55519480519467
412.31818181818176,308.7532467532467

339.26623376623365,231.642857142857
337.2370129870129,308.7532467532467
274.3311688311687,310.7824675324674
272.301948051948,227.58441558441552
347.3831168831168,227.58441558441552

570.5974025974025,436.59415584415575
483.340909090909,438.62337662337654
509.72077922077915,558.3474025974026
584.8019480519479,562.4058441558441
566.5389610389609,436.59415584415575

487.3993506493505,446.74025974025966
576.6850649350648,438.62337662337654
588.8603896103895,566.4642857142857
489.42857142857133,560.3766233766232
479.2824675324674,442.6818181818181

144.46103896103887,570.5227272727273
128.22727272727263,704.4512987012986
26.766233766233654,712.5681818181818
63.292207792207705,558.3474025974026
142.43181818181807,568.4935064935064

158.6655844155843,556.3181818181818
178.95779220779212,434.56493506493496
87.64285714285705,426.44805194805184
65.3214285714285,562.4058441558441
148.51948051948045,558.3474025974026

310.8571428571428,594.8733766233765
237.80519480519467,588.7857142857142
221.57142857142844,728.801948051948
304.76948051948045,732.8603896103896
308.8279220779219,592.8441558441557

142.43181818181807,566.4642857142857
77.49675324675314,552.2597402597402
24.737012987012918,696.3344155844155
120.11038961038952,698.3636363636363
142.43181818181807,570.5227272727273

337.2370129870129,316.87012987012974
272.301948051948,310.7824675324674
272.301948051948,225.55519480519467
341.2954545454544,225.55519480519467
339.26623376623365,308.7532467532467

392.02597402597394,586.7564935064934
318.97402597402584,574.5811688311687
304.76948051948045,730.8311688311687
404.2012987012986,728.801948051948
398.11363636363626,582.6980519480519

497.5454545454544,73.36363636363626
489.42857142857133,12.487012987012804
430.5811688311687,10.457792207792068
438.6980519480518,73.36363636363626
497.5454545454544,67.27597402597394

430.5811688311687,16.54545454545439
440.72727272727263,69.30519480519467
379.8506493506493,71.33441558441541
383.90909090909076,8.428571428571331
428.5519480519479,10.457792207792068

485.37012987012974,438.62337662337654
408.25974025974017,438.62337662337654
414.3474025974025,574.5811688311687
499.57467532467524,572.551948051948
489.42857142857133,432.5357142857142

304.76948051948045,588.7857142857142
225.62987012987003,580.668831168831
209.3961038961038,724.7435064935064
312.8863636363635,728.801948051948
308.8279220779219,590.8149350649351

404.2012987012986,582.6980519480519
481.31168831168816,582.6980519480519
505.66233766233756,720.6850649350649
412.31818181818176,730.8311688311687
400.142857142857,584.7272727272726

483.340909090909,438.62337662337654
410.2889610389609,436.59415584415575
422.46428571428555,558.3474025974026
497.5454545454544,564.4350649350649
487.3993506493505,434.56493506493496

584.8019480519479,442.6818181818181
603.064935064935,550.2305194805194
694.37987012987,554.2889610389609
670.0292207792206,442.6818181818181
588.8603896103895,446.74025974025966

138.37337662337654,570.5227272727273
87.64285714285705,552.2597402597402
30.82467532467524,698.3636363636363
116.05194805194799,708.5097402597402
146.49025974025966,568.4935064935064

345.353896103896,306.72402597402584
339.26623376623365,223.52597402597394
276.36038961038946,231.642857142857
276.36038961038946,298.6071428571428
339.26623376623365,304.6948051948051

65.3214285714285,156.56168831168816
24.737012987012918,148.4448051948051
10.532467532467422,221.4967532467531
53.146103896103796,221.4967532467531
63.292207792207705,152.50324675324669

168.81168831168821,18.57467532467524
156.6363636363635,71.33441558441541
99.81818181818176,85.5389610389609
103.87662337662329,20.603896103895977
166.78246753246742,22.633116883116713

280.41883116883105,227.58441558441552
339.26623376623365,227.58441558441552
337.2370129870129,306.72402597402584
270.27272727272714,304.6948051948051
278.3896103896103,231.642857142857

329.12012987012974,444.71103896103887
247.95129870129858,436.59415584415575
219.5422077922077,576.6103896103896
335.20779220779207,572.551948051948
337.2370129870129,448.76948051948045

586.8311688311687,572.551948051948
515.8084415584415,564.4350649350649
538.12987012987,718.6558441558441
613.2110389610389,720.6850649350649
596.9772727272726,574.5811688311687

187.6678321678321,236.2632367632367
192.66283716283715,317.1823176823176
118.73676323676318,318.18131868131866
122.73276723276717,231.26823176823166
187.6678321678321,235.26423576423576

69.37987012987003,154.53246753246742
16.6201298701298,150.47402597402584
8.503246753246685,209.32142857142844
51.11688311688306,219.46753246753235
69.37987012987003,152.50324675324669

316.9448051948051,71.33441558441541
272.301948051948,73.36363636363626
268.2435064935064,4.370129870129745
310.8571428571428,6.399350649350481
312.8863636363635,61.1883116883115

483.340909090909,219.46753246753235
544.2175324675324,221.4967532467531
564.5097402597402,300.6363636363635
495.51623376623365,312.81168831168816
483.340909090909,215.40909090909076


520.4596774193548,548.506451612903
352.5,542.8129032258063
372.42741935483866,804.7161290322579
500.5322580645161,813.256451612903
520.4596774193548,551.3532258064514

366.73387096774195,574.1274193548385
241.47580645161287,562.7403225806449
244.32258064516128,816.1032258064515
372.42741935483866,818.9499999999998
369.58064516129025,574.1274193548385

247.16935483870964,576.9741935483869
119.06451612903226,576.9741935483869
110.52419354838707,816.1032258064515
252.8629032258064,818.9499999999998
250.01612903225805,574.1274193548385

1380.1854838709676,16.159677419354466
1257.774193548387,24.699999999999818
1257.774193548387,260.9822580645159
1377.3387096774193,272.36935483870946
1391.5725806451612,30.393548387096416

1252.0806451612902,13.312903225806167
1123.975806451613,4.772580645161042
1121.1290322580644,272.36935483870946
1243.5403225806451,272.36935483870946
1263.467741935484,16.159677419354466

640.0241935483871,30.393548387096416
494.8387096774193,21.85322580645129
509.0725806451612,263.82903225806433
625.7903225806451,269.52258064516104
634.3306451612902,27.546774193548117

509.0725806451612,33.24032258064494
378.1209677419355,41.78064516129007
378.1209677419355,263.82903225806433
506.2258064516129,263.82903225806433
511.91935483870964,38.93387096774177

258.55645161290323,16.159677419354466
252.8629032258064,263.82903225806433
121.91129032258061,266.67580645161263
110.52419354838707,16.159677419354466
250.01612903225805,1.9258064516127433

133.29838709677415,16.159677419354466
8.040322580645153,7.6193548387093415
127.60483870967738,255.2887096774191
27.967741935483843,263.82903225806433

907.8870967741934,456.5322580645161
822.7258064516129,459.11290322580646
856.2741935483871,570.0806451612902
920.7903225806451,585.5645161290322
913.0483870967741,464.2741935483871

549.1774193548388,484.91935483870964
489.8225806451613,490.0806451612903
494.9838709677419,606.2096774193549
554.3387096774193,608.7903225806451
549.1774193548388,497.8225806451613

489.8225806451613,479.758064516129
420.1451612903226,487.5
430.46774193548384,624.2741935483871
494.9838709677419,621.6935483870968
494.9838709677419,482.33870967741933

360.7903225806452,508.14516129032256
288.53225806451616,513.3064516129032
291.11290322580646,642.3387096774193
363.37096774193543,637.1774193548387
365.9516129032258,508.14516129032256

293.69354838709677,513.3064516129032
203.3709677419355,510.72580645161287
203.3709677419355,637.1774193548387
293.69354838709677,644.9193548387096
293.69354838709677,523.6290322580645

533.6935483870968,61.69354838709671
494.9838709677419,84.91935483870964
544.016129032258,141.6935483870967
580.1451612903227,133.95161290322585
538.8548387096773,46.209677419354875

483.340909090909,592.8441558441557
402.17207792207785,594.8733766233765
396.0844155844154,749.0941558441558
497.5454545454544,738.9480519480519
485.37012987012974,598.9318181818181

396.0844155844154,598.9318181818181
308.8279220779219,598.9318181818181
304.76948051948045,743.0064935064935
389.9967532467531,740.9772727272726
398.11363636363626,607.0487012987012

304.76948051948045,600.9610389610389
209.3961038961038,592.8441558441557
207.36688311688306,740.9772727272726
298.681818181818,743.0064935064935
298.681818181818,594.8733766233765

564.5097402597402,432.5357142857142
477.2532467532467,424.4188311688311
495.51623376623365,552.2597402597402
578.7142857142856,556.3181818181818
570.5974025974025,434.56493506493496

339.26623376623365,446.74025974025966
223.6006493506493,440.65259740259734
219.5422077922077,586.7564935064934
331.1493506493505,584.7272727272726
335.20779220779207,458.9155844155843

684.2337662337661,211.3506493506493
617.2694805194803,219.46753246753235
633.5032467532466,292.51948051948045
694.37987012987,308.7532467532467
688.2922077922076,217.43831168831161

546.2467532467531,221.4967532467531
483.340909090909,219.46753246753235
493.4870129870128,314.840909090909
556.392857142857,316.87012987012974
550.3051948051947,221.4967532467531

335.20779220779207,227.58441558441552
276.36038961038946,223.52597402597394
270.27272727272714,320.92857142857133
345.353896103896,335.1331168831168
333.17857142857133,239.75974025974017

266.21428571428555,225.55519480519467
207.36688311688306,227.58441558441552
187.07467532467524,314.840909090909
274.3311688311687,322.95779220779207
264.1850649350648,223.52597402597394

197.22077922077915,221.4967532467531
128.22727272727263,215.40909090909076
118.08116883116872,331.07467532467524
215.48376623376612,314.840909090909
191.13311688311677,221.4967532467531

126.19805194805184,235.70129870129858
63.292207792207705,227.58441558441552
53.146103896103796,329.0454545454544
114.0227272727272,329.0454545454544
124.16883116883105,245.8474025974025

77.49675324675314,156.56168831168816
18.649350649350595,150.47402597402584
8.503246753246685,219.46753246753235
51.11688311688306,227.58441558441552
67.35064935064929,154.53246753246742

325.06168831168816,142.35714285714278
268.2435064935064,142.35714285714278
256.06818181818176,219.46753246753235
316.9448051948051,221.4967532467531
327.090909090909,146.41558441558425

625.3863636363635,130.18181818181802
566.5389610389609,132.21103896103887
582.7727272727271,223.52597402597394
643.6493506493505,211.3506493506493
633.5032467532466,128.15259740259728

1093.6935483870966,468.7258064516129
840.7903225806452,473.88709677419365
845.9516129032257,964.2096774193549
1083.3709677419356,974.5322580645161
1109.1774193548385,484.2096774193549

334.98387096774195,473.88709677419365
61.435483870967744,448.0806451612905
56.27419354838713,995.1774193548385
304.01612903225805,995.1774193548385
365.95161290322585,510.01612903225805

582.7258064516129,479.04838709677415
340.14516129032256,479.04838709677415
319.5,990.016129032258
582.7258064516129,1005.5
608.5322580645161,468.7258064516129

845.9516129032257,463.5645161290322
587.8870967741935,463.5645161290322
593.0483870967741,990.016129032258
851.1129032258065,984.8548387096773
845.9516129032257,489.3709677419356

1609.8225806451615,468.7258064516129
1325.9516129032259,473.88709677419365
1356.9193548387098,974.5322580645161
1604.6612903225805,1000.3387096774193
1625.3064516129034,458.4032258064517

2100.1451612903224,484.2096774193549
1847.2419354838707,453.241935483871
1857.5645161290322,948.7258064516129
2100.1451612903224,979.6935483870966
2125.951612903226,494.5322580645161

2399.5,484.2096774193549
2125.951612903226,468.7258064516129
2105.306451612903,979.6935483870966
2399.5,984.8548387096773
2409.822580645161,479.04838709677415

334.98387096774195,1051.9516129032256
56.27419354838713,1041.6290322580644
40.79032258064518,1609.3709677419351
371.11290322580646,1578.4032258064515
365.95161290322585,1072.5967741935483

830.4677419354838,1062.274193548387
577.5645161290323,1067.4354838709676
598.2096774193549,1568.0806451612902
845.9516129032257,1588.7258064516127
851.1129032258065,1103.5645161290322

1604.6612903225805,1046.7903225806451
1341.4354838709678,1062.274193548387
1341.4354838709678,1573.2419354838707
1573.6935483870966,1588.7258064516127
1609.8225806451615,1036.467741935484

1867.8870967741932,1067.4354838709676
1594.3387096774195,1051.9516129032256
1599.5,1562.9193548387095
1847.2419354838707,1552.5967741935483
1857.5645161290322,1051.9516129032256

915.4274193548387,506.54838709677426
802.3225806451613,506.54838709677426
835.5887096774194,706.1451612903227
962.0000000000001,715.016129032258
919.8629032258065,510.983870967742

795.6693548387098,508.7661290322581
675.9112903225807,513.2016129032259
704.741935483871,719.4516129032259
853.3306451612904,717.233870967742
797.8870967741937,502.1129032258065

804.5403225806452,508.7661290322581
678.1290322580645,499.8951612903226
702.5241935483872,721.6693548387098
833.3709677419355,712.7983870967743
795.6693548387098,502.1129032258065

675.9112903225807,502.1129032258065
553.9354838709678,508.7661290322581
560.5887096774194,728.3225806451613
695.8709677419355,721.6693548387098
669.2580645161291,495.4596774193549

440.83064516129036,508.7661290322581
307.76612903225805,506.54838709677426
292.241935483871,715.016129032258
431.9596774193549,723.8870967741937
451.91935483870975,510.983870967742

334.3790322580645,497.6774193548388
188.00806451612905,491.02419354838713
165.83064516129033,730.5403225806452
296.6774193548388,719.4516129032259
341.0322580645162,491.02419354838713

190.2258064516129,508.7661290322581
59.37903225806454,506.54838709677426
17.241935483870975,712.7983870967743
159.17741935483875,719.4516129032259
188.00806451612905,502.1129032258065

547.2822580645162,160.58064516129036
447.48387096774195,165.01612903225816
447.48387096774195,315.82258064516134
556.1532258064517,318.04032258064524
545.0645161290323,162.79838709677426

447.48387096774195,165.01612903225816
345.4677419354839,167.23387096774195
327.7258064516129,315.82258064516134
445.26612903225816,320.25806451612914
445.26612903225816,173.88709677419365

256.758064516129,160.58064516129036
161.3951612903226,153.92741935483878
121.4758064516129,338.0
247.88709677419357,342.4354838709678
256.758064516129,169.45161290322585

159.17741935483875,176.10483870967744
48.29032258064518,171.66935483870975
12.806451612903231,320.25806451612914
110.38709677419357,331.3467741935484
154.741935483871,162.79838709677426

1061.7983870967741,49.693548387096826
968.6532258064516,56.34677419354841
999.701612903226,171.66935483870975
1088.4112903225805,180.54032258064524
1068.4516129032259,60.78225806451621

977.5241935483872,69.6532258064517
895.467741935484,71.87096774193549
917.6451612903226,173.88709677419365
995.2661290322582,171.66935483870975
984.1774193548387,80.74193548387098

875.5080645161291,65.2177419354839
791.233870967742,60.78225806451621
813.4112903225807,180.54032258064524
910.9919354838711,178.32258064516134
886.5967741935484,71.87096774193549

97.08064516129033,43.04032258064524
21.67741935483872,27.516129032258164
6.153225806451616,171.66935483870975
43.85483870967744,180.54032258064524
92.64516129032259,54.12903225806451

188.00806451612905,49.693548387096826
88.20967741935485,43.04032258064524
66.03225806451616,162.79838709677426
156.95967741935485,167.23387096774195
185.79032258064515,47.475806451612925

290.0241935483871,34.16935483870975
190.2258064516129,23.080645161290363
156.95967741935485,182.75806451612902
267.8467741935484,184.97580645161293
290.0241935483871,18.645161290322676

471.8790322580645,45.258064516129025
347.6854838709678,43.04032258064524
345.4677419354839,160.58064516129036
449.70161290322585,184.97580645161293
465.2258064516129,49.693548387096826

470.6827956989247,194.7155913978495
434.502688172043,197.23978494623663
431.97849462365593,281.3795698924731
472.36559139784947,280.5381720430108
469.8413978494624,196.39838709677423

309.97580645161287,195.5569892473119
267.06451612903226,195.5569892473119
263.6989247311828,274.64838709677423
306.61021505376345,277.1725806451613
308.29301075268813,198.92258064516136


510.22849462365593,196.39838709677423
472.36559139784947,193.03279569892482
471.5241935483871,279.69677419354844
513.5940860215054,277.1725806451613
508.54569892473114,198.08118279569896

469.8413978494624,195.5569892473119
436.1854838709677,195.5569892473119
435.3440860215054,280.5381720430108
468.1586021505376,278.01397849462364
469.8413978494624,189.66720430107534

436.1854838709677,194.7155913978495
389.9086021505376,193.87419354838715
394.9569892473118,282.2209677419355
436.1854838709677,281.3795698924731
437.0268817204301,193.03279569892482

305.76881720430106,195.5569892473119
268.747311827957,193.03279569892482
265.3817204301075,277.1725806451613
307.4516129032258,279.69677419354844
304.0860215053763,194.7155913978495

511.0698924731182,93.7478494623657
474.04838709677415,92.90645161290331
469.8413978494624,7.925268817204426
514.4354838709677,3.7182795698926157
512.752688172043,89.54086021505384


390.75,195.5569892473119
343.6317204301075,191.35000000000008
343.6317204301075,278.85537634408604
387.38440860215053,278.01397849462364
388.22580645161287,202.28817204301083

473.03535353535347,374.2186147186148
459.18253968253964,374.2186147186148
455.71933621933624,419.2402597402598
471.8809523809524,416.9314574314575
474.18975468975464,370.7554112554113

802.7258064516129,477.741935483871
752.7258064516129,477.741935483871
765.6290322580645,542.258064516129
814.016129032258,539.0322580645161
809.1774193548387,474.51612903225805

797.8870967741935,337.41935483870964
828.5322580645161,335.8064516129032
825.3064516129033,403.54838709677415
794.6612903225806,401.9354838709677
796.2741935483871,324.51612903225805

810.7903225806451,469.67741935483866
768.8548387096774,468.0645161290322
773.6935483870968,529.3548387096773
812.4032258064516,534.1935483870967
810.7903225806451,464.8387096774193

455.95161290322574,466.45161290322574
422.08064516129025,464.8387096774193
420.4677419354839,527.741935483871
465.6290322580645,535.8064516129032
460.7903225806451,463.2258064516128

860.7903225806452,335.8064516129032
831.7580645161291,335.8064516129032
825.3064516129033,392.258064516129
857.5645161290323,397.0967741935483
859.1774193548387,342.258064516129

807.5645161290323,95.48387096774195
773.6935483870968,85.80645161290317
773.6935483870968,135.80645161290317
805.9516129032259,137.41935483870964
804.3387096774194,105.16129032258061

797.8870967741935,272.9032258064516
815.6290322580645,272.9032258064516
820.4677419354839,298.70967741935476
788.2096774193549,284.1935483870967

830.1451612903226,468.0645161290322
951.1129032258065,463.2258064516128
939.8225806451613,540.6451612903224
860.7903225806452,524.516129032258
825.3064516129033,458.38709677419354

705.9516129032259,464.8387096774193
746.2741935483871,469.67741935483866
746.2741935483871,542.258064516129
704.3387096774194,548.7096774193548
707.5645161290323,474.51612903225805

489.8225806451612,337.41935483870964
518.8548387096774,335.8064516129032
526.9193548387096,395.48387096774195
491.4354838709677,398.70967741935476
493.04838709677415,340.64516129032256

783.3709677419355,269.67741935483866
833.3709677419355,268.0645161290322
841.4354838709677,339.0322580645161
789.8225806451613,342.258064516129
786.5967741935484,269.67741935483866

715.6290322580645,337.41935483870964
672.0806451612904,339.0322580645161
667.241935483871,406.7741935483871
718.8548387096774,406.7741935483871
717.241935483871,339.0322580645161

704.3387096774194,277.741935483871
754.3387096774194,274.51612903225805
747.8870967741935,319.67741935483866
697.8870967741935,334.1935483870967
702.7258064516129,277.741935483871

551.1129032258065,276.1290322580645
520.4677419354839,274.51612903225805
517.241935483871,342.258064516129
554.3387096774194,340.64516129032256
547.8870967741935,282.58064516129025

647.8870967741935,93.87096774193549
681.758064516129,89.0322580645161
683.3709677419355,142.25806451612902
651.1129032258065,143.8709677419355
651.1129032258065,93.87096774193549

788.2096774193549,277.741935483871
834.9838709677418,277.741935483871
833.3709677419355,345.48387096774195
794.6612903225806,345.48387096774195
797.8870967741935,279.35483870967744

586.5967741935484,279.35483870967744
554.3387096774194,277.741935483871
552.7258064516129,324.51612903225805
594.6612903225806,329.35483870967744
593.0483870967741,276.1290322580645

496.2741935483871,271.2903225806451
449.5,271.2903225806451
449.5,322.9032258064516
496.2741935483871,326.1290322580645
497.88709677419354,274.51612903225805

618.8548387096774,468.0645161290322
646.2741935483871,466.45161290322574
639.8225806451613,545.483870967742
620.4677419354839,543.8709677419354
615.6290322580645,474.51612903225805

455.95161290322574,463.2258064516128
418.85483870967744,451.9354838709677
415.6290322580645,540.6451612903224
454.3387096774194,539.0322580645161
457.5645161290322,461.61290322580635

425.3064516129032,466.45161290322574
462.4032258064516,469.67741935483866
462.4032258064516,539.0322580645161
414.01612903225805,539.0322580645161
422.08064516129025,463.2258064516128

644.6612903225806,330.9677419354838
676.9193548387096,337.41935483870964
673.6935483870968,395.48387096774195
651.1129032258065,397.0967741935483
647.8870967741935,332.58064516129025


1041.4354838709678,676.1290322580644
1072.0806451612905,674.516129032258
1081.7580645161293,721.2903225806451
1044.6612903225807,735.8064516129032
1039.8225806451615,669.6774193548387

360.7903225806451,726.1290322580644
360.7903225806451,664.8387096774193
325.3064516129032,661.6129032258063
322.08064516129025,724.516129032258
359.17741935483866,726.1290322580644

762.4032258064516,345.48387096774195
807.5645161290323,347.0967741935483
801.1129032258065,406.7741935483871
754.3387096774194,411.61290322580646
764.016129032258,345.48387096774195

168.8548387096774,432.58064516129025
175.3064516129032,400.3225806451612
105.95161290322577,395.48387096774195
109.17741935483869,430.9677419354838
159.1774193548387,430.9677419354838


1027.725806451613,9.0322580645161
943.0483870967744,9.0322580645161
935.7903225806454,197.74193548387098
1056.758064516129,221.9354838709678
1117.241935483871,42.90322580645159

841.4354838709678,190.48387096774195
756.7580645161291,183.22580645161293
754.3387096774194,1.7741935483870748
851.1129032258066,4.1935483870968255
843.8548387096776,175.9677419354839

839.016129032258,188.0645161290323
764.0161290322582,190.48387096774195
756.7580645161291,4.1935483870968255
843.8548387096776,9.0322580645161
843.8548387096776,168.70967741935488


834.1774193548388,11.45161290322585
747.0806451612904,6.612903225806463
747.0806451612904,190.48387096774195
834.1774193548388,188.0645161290323
829.3387096774194,6.612903225806463

1054.3387096774195,4.1935483870968255
945.4677419354839,16.290322580645125
933.3709677419356,202.58064516129036
1051.9193548387098,209.8387096774194
1044.6612903225807,9.0322580645161

851.1129032258066,9.0322580645161
747.0806451612904,16.290322580645125
761.5967741935484,197.74193548387098
853.5322580645161,190.48387096774195
851.1129032258066,13.870967741935488


843.8548387096776,6.612903225806463
761.5967741935484,11.45161290322585
766.4354838709678,192.9032258064516
841.4354838709678,192.9032258064516
839.016129032258,9.0322580645161

396.2741935483872,195.32258064516134
480.95161290322585,197.74193548387098
493.04838709677426,1.7741935483870748
413.2096774193549,4.1935483870968255
405.95161290322585,195.32258064516134

659.983870967742,192.9032258064516
582.5645161290323,205.0
572.8870967741937,4.1935483870968255
659.983870967742,9.0322580645161
664.8225806451613,192.9032258064516

396.2741935483872,596.9354838709678
323.6935483870968,601.7741935483871
301.91935483870975,413.06451612903226
393.85483870967744,417.90322580645164
408.3709677419356,606.6129032258065

122.88709677419357,601.7741935483871
35.79032258064518,592.0967741935484
28.532258064516157,420.32258064516134
154.33870967741936,425.16129032258067
137.40322580645162,592.0967741935484

657.5645161290323,422.741935483871
575.3064516129033,425.16129032258067
568.0483870967743,611.4516129032259
647.8870967741937,609.0322580645161
650.3064516129033,427.58064516129036

125.30645161290326,214.67741935483878
241.43548387096777,200.1612903225806
214.8225806451613,13.870967741935488
151.91935483870972,18.709677419354875
122.88709677419357,192.9032258064516

853.5322580645161,207.41935483870964
766.4354838709678,197.74193548387098
761.5967741935484,11.45161290322585
851.1129032258066,13.870967741935488
851.1129032258066,197.74193548387098

756.7580645161291,200.1612903225806
846.2741935483871,190.48387096774195
841.4354838709678,9.0322580645161
756.7580645161291,9.0322580645161
764.0161290322582,192.9032258064516

1044.6612903225807,13.870967741935488
911.5967741935485,6.612903225806463
921.2741935483871,202.58064516129036
1010.7903225806454,224.35483870967744
1034.983870967742,9.0322580645161

776.1129032258066,439.6774193548387
664.8225806451613,434.8387096774194
669.6612903225807,604.1935483870968
761.5967741935484,439.6774193548387
732.5645161290323,599.3548387096774

667.2419354838711,432.4193548387097
584.983870967742,417.90322580645164
565.6290322580646,613.8709677419355
647.8870967741937,611.4516129032259
672.0806451612904,439.6774193548387

316.4354838709678,18.709677419354875
231.75806451612905,11.45161290322585
222.08064516129033,202.58064516129036
304.3387096774194,197.74193548387098
311.5967741935484,35.64516129032256

751.9193548387098,1.7741935483870748
751.9193548387098,188.0645161290323
831.758064516129,183.22580645161293
841.4354838709678,11.45161290322585
747.0806451612904,6.612903225806463

1047.0806451612905,18.709677419354875
945.4677419354839,4.1935483870968255
894.6612903225807,209.8387096774194
1042.241935483871,224.35483870967744
1034.983870967742,21.129032258064512

1002.8548387096774,751.3193548387098
720.6612903225806,730.4161290322581
626.5967741935484,1190.2870967741937
898.3387096774194,1263.4483870967742
981.9516129032257,761.7709677419357

981.9516129032257,782.6741935483874
678.8548387096774,730.4161290322581
626.5967741935484,1200.7387096774196
908.790322580645,1232.0935483870971
981.9516129032257,782.6741935483874

1211.8870967741937,761.7709677419357
981.9516129032257,761.7709677419357
919.2419354838709,1200.7387096774196
1138.7258064516127,1190.2870967741937
1201.4354838709678,793.1258064516132

1473.1774193548385,772.2225806451615
1211.8870967741937,772.2225806451615
1180.532258064516,1211.1903225806454
1431.3709677419356,1211.1903225806454
1452.2741935483873,740.867741935484

1692.6612903225805,761.7709677419357
1452.2741935483873,751.3193548387098
1410.467741935484,1190.2870967741937
1650.8548387096776,1200.7387096774196
1692.6612903225805,793.1258064516132

1891.2419354838712,761.7709677419357
1671.7580645161293,730.4161290322581
1629.9516129032259,1169.383870967742
1880.7903225806454,1200.7387096774196
1859.8870967741937,751.3193548387098

2162.983870967742,761.7709677419357
1891.2419354838712,740.867741935484
1870.3387096774195,1190.2870967741937
2152.532258064516,1221.6419354838713
2121.1774193548385,751.3193548387098

2372.016129032258,803.5774193548391
2110.7258064516127,772.2225806451615
2142.0806451612902,1190.2870967741937
2351.1129032258063,1211.1903225806454
2351.1129032258063,834.9322580645162

2601.951612903226,793.1258064516132
2372.016129032258,772.2225806451615
2351.1129032258063,1232.0935483870971
2601.951612903226,1242.545161290323
2570.5967741935483,793.1258064516132

2842.3387096774195,793.1258064516132
2591.5,782.6741935483874
2612.4032258064517,1200.7387096774196
2852.7903225806454,1221.6419354838713
2842.3387096774195,814.0290322580645

3051.3709677419356,803.5774193548391
2821.435483870968,793.1258064516132
2821.435483870968,1221.6419354838713
3030.467741935484,1211.1903225806454
3051.3709677419356,793.1258064516132

3260.4032258064517,761.7709677419357
3051.3709677419356,761.7709677419357
3040.9193548387098,1232.0935483870971
3281.3064516129034,1232.0935483870971
3270.854838709677,751.3193548387098

3532.145161290323,814.0290322580645
3291.758064516129,782.6741935483874
3312.6612903225805,1211.1903225806454
3521.6935483870966,1179.835483870968
3573.9516129032254,782.6741935483874

3762.0806451612907,814.0290322580645
3542.5967741935483,782.6741935483874
3532.145161290323,1190.2870967741937
3814.3387096774195,1211.1903225806454
3741.177419354839,803.5774193548391

4033.822580645161,772.2225806451615
3762.0806451612907,772.2225806451615
3793.435483870968,1242.545161290323
4002.467741935484,1232.0935483870971
4002.467741935484,751.3193548387098

4242.854838709677,772.2225806451615
3960.6612903225805,761.7709677419357
4012.9193548387093,1252.9967741935488
4242.854838709677,1232.0935483870971
4253.306451612903,751.3193548387098

4483.241935483871,803.5774193548391
4232.403225806452,782.6741935483874
4263.758064516129,1221.6419354838713
4483.241935483871,1284.351612903226
4514.596774193548,803.5774193548391


4702.725806451613,824.4806451612903
4441.435483870968,793.1258064516132
4493.693548387097,1242.545161290323
4765.435483870968,1211.1903225806454
4692.274193548387,866.2870967741937

4911.758064516129,772.2225806451615
4692.274193548387,772.2225806451615
4754.9838709677415,1263.4483870967742
4964.016129032258,1242.545161290323
4911.758064516129,782.6741935483874

5152.145161290323,782.6741935483874
4922.209677419355,793.1258064516132
5037.177419354839,1252.9967741935488
5183.5,1232.0935483870971
5131.241935483871,814.0290322580645

1285.0483870967741,1806.9322580645166
1044.6612903225805,1817.383870967742
992.4032258064516,2266.8032258064522
1232.7903225806454,2329.512903225807
1274.5967741935483,1796.4806451612908

1546.3387096774195,1796.4806451612908
1285.0483870967741,1786.029032258065
1243.2419354838712,2266.8032258064522
1494.0806451612902,2277.2548387096776
1535.8870967741937,1806.9322580645166

1818.0806451612902,1775.577419354839
1556.7903225806454,1754.6741935483874
1525.4354838709678,2245.9000000000005
1734.467741935484,2308.609677419355
1797.1774193548385,1796.4806451612908

2048.016129032258,1786.029032258065
1797.1774193548385,1796.4806451612908
1755.3709677419356,2277.2548387096776
1985.3064516129034,2298.1580645161293
2048.016129032258,1796.4806451612908

2288.4032258064517,1817.383870967742
2068.9193548387098,1796.4806451612908
1974.8548387096776,2245.9000000000005
2298.8548387096776,2277.2548387096776
2298.8548387096776,1848.7387096774196

2549.6935483870966,1817.383870967742
2267.5,1838.2870967741937
2246.5967741935483,2298.1580645161293
2528.7903225806454,2350.416129032258
2528.7903225806454,1869.6419354838713

2790.0806451612902,1796.4806451612908
2549.6935483870966,1796.4806451612908
2539.2419354838707,2266.8032258064522
2769.1774193548385,2287.7064516129035
2769.1774193548385,1765.1258064516132

3040.9193548387098,1806.9322580645166
2790.0806451612902,1796.4806451612908
2758.7258064516127,2287.7064516129035
3061.8225806451615,2308.609677419355
3061.8225806451615,1817.383870967742


3270.854838709677,1827.835483870968
2999.1129032258063,1806.9322580645166
3030.467741935484,2277.2548387096776
3281.3064516129034,2308.609677419355
3281.3064516129034,1869.6419354838713

3542.5967741935483,1827.835483870968
3239.5,1827.835483870968
3291.758064516129,2287.7064516129035
3500.790322580645,2287.7064516129035
3553.0483870967737,1806.9322580645166

3803.887096774193,1817.383870967742
3532.145161290323,1775.577419354839
3542.5967741935483,2266.8032258064522
3762.0806451612907,2266.8032258064522
3824.790322580645,1775.577419354839

4044.2741935483873,1817.383870967742
3793.435483870968,1817.383870967742
3793.435483870968,2287.7064516129035
4054.7258064516127,2319.061290322581
4054.7258064516127,1869.6419354838713

4295.112903225807,1806.9322580645166
4033.822580645161,1796.4806451612908
4075.6290322580644,2308.609677419355
4326.467741935484,2277.2548387096776
4284.6612903225805,1765.1258064516132

4566.854838709677,1806.9322580645166
4242.854838709677,1796.4806451612908
4284.6612903225805,2266.8032258064522
4587.758064516129,2329.512903225807
4566.854838709677,1848.7387096774196

4765.435483870968,1796.4806451612908
4556.403225806452,1786.029032258065
4577.306451612903,2308.609677419355
4786.3387096774195,2266.8032258064522
4754.9838709677415,1796.4806451612908

5037.177419354839,1827.835483870968
4744.532258064516,1775.577419354839
4796.790322580645,2287.7064516129035
5068.532258064516,2277.2548387096776
5037.177419354839,1806.9322580645166

1232.7903225806454,2298.1580645161293
971.4999999999999,2298.1580645161293
898.3387096774194,2778.9322580645166
1159.6290322580644,2810.2870967741937
1222.3387096774195,2277.2548387096776

1494.0806451612902,2308.609677419355
1222.3387096774195,2319.061290322581
1170.0806451612902,2820.73870967742
1483.6290322580644,2841.6419354838717
1441.8225806451615,2308.609677419355
1514.983870967742,2319.061290322581

1755.3709677419356,2298.1580645161293
1494.0806451612902,2287.7064516129035
1514.983870967742,2872.996774193549
1755.3709677419356,2872.996774193549
1744.9193548387098,2266.8032258064522

2037.5645161290322,2308.609677419355
1744.9193548387098,2287.7064516129035
1671.7580645161293,2831.1903225806454
2006.2096774193546,2872.996774193549
2016.6612903225805,2350.416129032258

2288.4032258064517,2308.609677419355
2027.1129032258063,2298.1580645161293
2027.1129032258063,2831.1903225806454
2236.1451612903224,2852.093548387097
2288.4032258064517,2329.512903225807

2507.8870967741937,2287.7064516129035
2257.048387096774,2287.7064516129035
2267.5,2799.8354838709683
2518.3387096774195,2820.73870967742
2528.7903225806454,2287.7064516129035

2779.6290322580644,2256.351612903226
2518.3387096774195,2277.2548387096776
2507.8870967741937,2820.73870967742
2769.1774193548385,2789.3838709677425
2779.6290322580644,2319.061290322581

3040.9193548387098,2319.061290322581
2716.9193548387098,2266.8032258064522
2758.7258064516127,2799.8354838709683
3061.8225806451615,2831.1903225806454
3051.3709677419356,2329.512903225807

3312.6612903225805,2287.7064516129035
3040.9193548387098,2287.7064516129035
3040.9193548387098,2841.6419354838717
3291.758064516129,2841.6419354838717
3291.758064516129,2319.061290322581

3563.5,2308.609677419355
3281.3064516129034,2277.2548387096776
3312.6612903225805,2820.73870967742
3615.758064516129,2831.1903225806454
3573.9516129032254,2277.2548387096776

3835.241935483871,2298.1580645161293
3542.5967741935483,2287.7064516129035
3542.5967741935483,2778.9322580645166
3824.790322580645,2789.3838709677425
3803.887096774193,2287.7064516129035

4044.2741935483873,2339.9645161290327
3824.790322580645,2319.061290322581
3824.790322580645,2893.9000000000005
4117.435483870968,2893.9000000000005
4075.6290322580644,2371.31935483871

4326.467741935484,2319.061290322581
4044.2741935483873,2298.1580645161293
4106.9838709677415,2841.6419354838717
4368.274193548387,2852.093548387097
4357.822580645161,2350.416129032258

4587.758064516129,2339.9645161290327
4326.467741935484,2287.7064516129035
4357.822580645161,2820.73870967742
4608.6612903225805,2820.73870967742
4619.112903225807,2381.770967741936

4838.596774193548,2287.7064516129035
4556.403225806452,2308.609677419355
4640.016129032258,2831.1903225806454
4880.403225806452,2820.73870967742
4849.048387096774,2308.609677419355

5089.435483870968,2298.1580645161293
4817.693548387097,2308.609677419355
4880.403225806452,2831.1903225806454
5183.5,2852.093548387097
5099.887096774193,2224.996774193549

3040.9193548387098,1796.4806451612908
3312.6612903225805,1786.029032258065
3281.3064516129034,2277.2548387096776
3020.016129032258,2329.512903225807
3061.8225806451615,1765.1258064516132


5089.435483870968,2308.609677419355
4807.241935483871,2308.609677419355
4911.758064516129,2872.996774193549
5162.596774193548,2841.6419354838717
5089.435483870968,2319.061290322581

4796.790322580645,2319.061290322581
5068.532258064516,2298.1580645161293
5173.048387096774,2872.996774193549
4932.6612903225805,2904.351612903226
4817.693548387097,2339.9645161290327

3835.241935483871,2277.2548387096776

4817.693548387097,2319.061290322581
5068.532258064516,2287.7064516129035
5173.048387096774,2872.996774193549
4859.5,2852.093548387097
4828.145161290323,2308.609677419355


368.5322580645162,276.6612903225807
345.3064516129033,441.82258064516145
247.24193548387098,436.6612903225807
247.24193548387098,297.3064516129032
365.95161290322585,263.758064516129

443.3709677419355,294.7258064516129
365.95161290322585,286.98387096774195
340.14516129032256,434.0806451612905
430.4677419354839,444.4032258064517
451.11290322580646,292.1451612903227

1240.7903225806454,307.6290322580646
536.2741935483872,286.98387096774195

358.2096774193549,284.4032258064517
285.95161290322585,274.0806451612905
224.01612903225805,423.758064516129
340.14516129032256,431.5
363.3709677419355,274.0806451612905

451.11290322580646,292.1451612903227
350.4677419354839,279.241935483871
340.14516129032256,446.98387096774195
422.7258064516129,441.82258064516145
456.2741935483872,294.7258064516129


3751.6290322580644,761.7709677419357
3751.6290322580644,1200.7387096774196
4002.467741935484,1232.0935483870971
3981.564516129032,793.1258064516132
3730.7258064516127,709.5129032258064


2361.564516129032,793.1258064516132
2361.564516129032,1221.6419354838713
2131.6290322580644,1252.9967741935488
2131.6290322580644,761.7709677419357
2319.7580645161293,814.0290322580645

3030.467741935484,2287.7064516129035
3040.9193548387098,1796.4806451612908
3239.5,1796.4806451612908
3281.3064516129034,2308.609677419355
3051.3709677419356,2277.2548387096776

4242.854838709677,1796.4806451612908
4514.596774193548,1786.029032258065
4577.306451612903,2277.2548387096776
4274.209677419355,2308.609677419355
4263.758064516129,1765.1258064516132

2769.1774193548385,2298.1580645161293
2790.0806451612902,2799.8354838709683
2560.1451612903224,2820.73870967742
2528.7903225806454,2298.1580645161293

3270.854838709677,1806.9322580645166
3030.467741935484,1786.029032258065
3082.7258064516127,2308.609677419355
3291.758064516129,2277.2548387096776
3281.3064516129034,1786.029032258065

3553.0483870967737,2308.609677419355
3291.758064516129,2298.1580645161293
3302.209677419355,2904.351612903226
3542.5967741935483,2862.545161290323

4065.177419354839,2329.512903225807
4065.177419354839,2319.061290322581

2758.7258064516127,1817.383870967742
2988.6612903225805,1786.029032258065
3020.016129032258,2256.351612903226
2779.6290322580644,2308.609677419355

2006.2096774193546,2287.7064516129035
1776.2741935483873,2319.061290322581
1692.6612903225805,2872.996774193549
1964.4032258064517,2852.093548387097
2016.6612903225805,2256.351612903226

3281.3064516129034,2329.512903225807
3072.274193548387,2319.061290322581
3072.274193548387,2799.8354838709683
3291.758064516129,2810.2870967741937
3281.3064516129034,2381.770967741936

2351.1129032258063,782.6741935483874
2131.6290322580644,772.2225806451615
2142.0806451612902,1242.545161290323
2330.2096774193546,1305.2548387096776
2403.3709677419356,761.7709677419357

3249.951612903226,1806.9322580645166
2999.1129032258063,1806.9322580645166
3040.9193548387098,2266.8032258064522
3260.4032258064517,2277.2548387096776
3312.6612903225805,1806.9322580645166

3218.5967741935483,1827.835483870968
3072.274193548387,1817.383870967742
3061.8225806451615,2287.7064516129035
3291.758064516129,2256.351612903226
3208.1451612903224,1765.1258064516132

4242.854838709677,1827.835483870968
4002.467741935484,1786.029032258065
4033.822580645161,2287.7064516129035
4326.467741935484,2308.609677419355
4232.403225806452,1817.383870967742


4545.951612903225,1806.9322580645166
4744.532258064516,1754.6741935483874
4828.145161290323,2308.609677419355
4556.403225806452,2298.1580645161293
4566.854838709677,1796.4806451612908

3814.3387096774195,2287.7064516129035
4065.177419354839,2308.609677419355
4086.0806451612907,2831.1903225806454
3814.3387096774195,2831.1903225806454
3793.435483870968,2266.8032258064522

3291.758064516129,2339.9645161290327
3009.564516129032,2319.061290322581
3030.467741935484,2852.093548387097
3291.758064516129,2872.996774193549


3281.3064516129034,2308.609677419355
3040.9193548387098,2298.1580645161293
3030.467741935484,2820.73870967742
3302.209677419355,2841.6419354838717

3040.9193548387098,2298.1580645161293
3051.3709677419356,2831.1903225806454
3281.3064516129034,2810.2870967741937
3281.3064516129034,2298.1580645161293

2361.564516129032,824.4806451612903
2121.1774193548385,782.6741935483874
2121.1774193548385,1200.7387096774196
2351.1129032258063,1232.0935483870971




2068.9193548387098,1786.029032258065
1765.8225806451615,1827.835483870968
1755.3709677419356,2319.061290322581
2027.1129032258063,2298.1580645161293

4221.951612903225,814.0290322580645
4263.758064516129,1190.2870967741937
4462.3387096774195,1190.2870967741937
4451.887096774193,772.2225806451615

2779.6290322580644,1754.6741935483874
2591.5,1786.029032258065
2518.3387096774195,2235.4483870967742
2779.6290322580644,2298.1580645161293

3302.209677419355,1786.029032258065
3040.9193548387098,1775.577419354839
3020.016129032258,2256.351612903226
3249.951612903226,2256.351612903226

2110.7258064516127,761.7709677419357
1870.3387096774195,751.3193548387098
1849.4354838709678,1211.1903225806454
2100.2741935483873,1232.0935483870971






3281.3064516129034,1869.6419354838713
3030.467741935484,1806.9322580645166
3040.9193548387098,2224.996774193549
3249.951612903226,2266.8032258064522





3312.6612903225805,772.2225806451615
3020.016129032258,751.3193548387098
3061.8225806451615,1179.835483870968
3260.4032258064517,1221.6419354838713




353.04838709677426,281.82258064516145
288.5322580645161,268.91935483870975
244.6612903225806,431.5
337.5645161290323,436.6612903225807
347.88709677419354,281.82258064516145

360.79032258064524,276.6612903225807
453.6935483870968,281.82258064516145
435.6290322580645,439.241935483871
340.14516129032256,434.0806451612905

278.2096774193549,281.82258064516145
360.79032258064524,266.3387096774195
347.88709677419354,454.7258064516129
231.75806451612902,449.5645161290324

296.2741935483871,268.91935483870975
360.79032258064524,266.3387096774195
347.88709677419354,449.5645161290324
262.7258064516129,449.5645161290324

451.11290322580646,292.1451612903227
355.6290322580645,281.82258064516145


285.95161290322585,271.5
365.95161290322585,274.0806451612905
345.3064516129033,444.4032258064517
229.17741935483878,444.4032258064517

360.79032258064524,284.4032258064517
443.3709677419355,284.4032258064517
430.4677419354839,454.7258064516129
334.98387096774195,449.5645161290324

365.95161290322585,286.98387096774195
445.95161290322585,289.5645161290322
433.04838709677426,444.4032258064517
350.4677419354839,439.241935483871

363.3709677419355,276.6612903225807
456.2741935483872,276.6612903225807
435.6290322580645,459.88709677419365
329.82258064516134,459.88709677419365

778.8548387096776,286.98387096774195
858.8548387096776,297.3064516129032
858.8548387096776,400.5322580645161
812.4032258064517,408.2741935483871
784.016129032258,250.85483870967755

291.11290322580646,281.82258064516145
360.79032258064524,268.91935483870975
340.14516129032256,444.4032258064517
247.24193548387098,446.98387096774195

360.79032258064524,276.6612903225807
445.95161290322585,281.82258064516145
430.4677419354839,444.4032258064517
340.14516129032256,446.98387096774195

445.95161290322585,279.241935483871
541.4354838709678,286.98387096774195
518.2096774193549,444.4032258064517
430.4677419354839,457.3064516129034

283.3709677419355,276.6612903225807
347.88709677419354,276.6612903225807
337.5645161290323,444.4032258064517
229.17741935483878,444.4032258064517

360.79032258064524,279.241935483871
451.11290322580646,281.82258064516145
438.2096774193549,439.241935483871
345.3064516129033,436.6612903225807

350.4677419354839,279.241935483871
448.5322580645162,284.4032258064517
433.04838709677426,439.241935483871
342.7258064516129,441.82258064516145

445.95161290322585,289.5645161290322
533.6935483870968,279.241935483871
520.7903225806452,457.3064516129034
427.88709677419354,449.5645161290324

533.6935483870968,284.4032258064517
621.4354838709678,292.1451612903227
613.6935483870968,454.7258064516129
510.4677419354839,454.7258064516129

293.6935483870968,268.91935483870975
368.5322580645162,281.82258064516145
340.14516129032256,457.3064516129034
265.3064516129033,457.3064516129034

360.79032258064524,281.82258064516145
445.95161290322585,284.4032258064517
430.4677419354839,441.82258064516145
350.4677419354839,444.4032258064517

363.3709677419355,281.82258064516145
443.3709677419355,279.241935483871
430.4677419354839,449.5645161290324
337.5645161290323,441.82258064516145

445.95161290322585,284.4032258064517
531.1129032258065,286.98387096774195
523.3709677419355,449.5645161290324
422.7258064516129,446.98387096774195

296.2741935483871,276.6612903225807
358.2096774193549,279.241935483871
337.5645161290323,441.82258064516145
254.98387096774195,441.82258064516145

365.95161290322585,281.82258064516145
448.5322580645162,284.4032258064517
438.2096774193549,452.1451612903227
340.14516129032256,452.1451612903227

451.11290322580646,289.5645161290322
533.6935483870968,281.82258064516145
520.7903225806452,444.4032258064517
427.88709677419354,452.1451612903227

541.4354838709678,286.98387096774195
613.6935483870968,289.5645161290322
608.5322580645162,457.3064516129034
518.2096774193549,449.5645161290324

621.4354838709678,289.5645161290322
698.8548387096776,286.98387096774195
696.2741935483872,454.7258064516129
608.5322580645162,459.88709677419365

701.4354838709678,289.5645161290322
784.016129032258,281.82258064516145
789.1774193548388,454.7258064516129
696.2741935483872,457.3064516129034

786.5967741935485,284.4032258064517
874.3387096774195,289.5645161290322
871.758064516129,452.1451612903227
778.8548387096776,452.1451612903227

871.758064516129,292.1451612903227
956.9193548387098,294.7258064516129
962.0806451612905,449.5645161290324
876.9193548387098,462.4677419354839

1052.4032258064517,297.3064516129032
1132.4032258064517,297.3064516129032
1137.5645161290324,452.1451612903227
1052.4032258064517,457.3064516129034

1129.8225806451615,286.98387096774195
1212.4032258064517,289.5645161290322
1235.6290322580646,465.0483870967744
1132.4032258064517,462.4677419354839

959.5000000000002,294.7258064516129
1039.5000000000002,292.1451612903227
1049.8225806451615,452.1451612903227
964.6612903225807,454.7258064516129

298.85483870967744,271.5
355.6290322580645,274.0806451612905
347.88709677419354,441.82258064516145
247.24193548387098,446.98387096774195

358.2096774193549,281.82258064516145
440.79032258064524,274.0806451612905
435.6290322580645,459.88709677419365
350.4677419354839,449.5645161290324

445.95161290322585,284.4032258064517
531.1129032258065,284.4032258064517
520.7903225806452,441.82258064516145
430.4677419354839,449.5645161290324

538.8548387096774,294.7258064516129
618.8548387096774,294.7258064516129
613.6935483870968,454.7258064516129
507.88709677419365,452.1451612903227

618.8548387096774,289.5645161290322
693.6935483870968,286.98387096774195
706.5967741935484,452.1451612903227
611.1129032258065,446.98387096774195
624.0161290322582,274.0806451612905

704.0161290322582,292.1451612903227
768.5322580645163,279.241935483871
778.8548387096776,434.0806451612905
706.5967741935484,441.82258064516145

794.3387096774195,286.98387096774195
864.0161290322583,286.98387096774195
879.5,439.241935483871
796.9193548387098,446.98387096774195

869.1774193548388,281.82258064516145
962.0806451612905,281.82258064516145
964.6612903225807,462.4677419354839
882.0806451612905,459.88709677419365

962.0806451612905,292.1451612903227
1047.2419354838712,292.1451612903227
964.6612903225807,454.7258064516129

959.5000000000002,289.5645161290322
1042.0806451612905,289.5645161290322
1054.9838709677422,454.7258064516129
967.241935483871,457.3064516129034

1049.8225806451615,292.1451612903227
1140.1451612903227,299.88709677419365
1142.7258064516132,459.88709677419365
1047.2419354838712,465.0483870967744

1129.8225806451615,294.7258064516129
1217.5645161290324,292.1451612903227
1230.4677419354841,457.3064516129034
1134.9838709677422,459.88709677419365

1214.9838709677422,294.7258064516129
1310.4677419354841,281.82258064516145
1315.6290322580646,457.3064516129034
1227.8870967741937,459.88709677419365

1307.8870967741937,297.3064516129032
1387.8870967741937,302.4677419354839
1398.209677419355,472.79032258064535
1318.209677419355,465.0483870967744

1393.0483870967744,286.98387096774195
1470.4677419354841,281.82258064516145
1483.3709677419356,452.1451612903227
1395.6290322580646,446.98387096774195

1465.3064516129034,289.5645161290322
1563.3709677419356,292.1451612903227
1576.2741935483873,457.3064516129034
1501.435483870968,459.88709677419365

1558.209677419355,294.7258064516129
1640.7903225806454,292.1451612903227
1671.7580645161293,465.0483870967744
1586.5967741935485,457.3064516129034

1640.7903225806454,289.5645161290322
1746.5967741935485,281.82258064516145
1751.7580645161295,454.7258064516129
1661.435483870968,452.1451612903227

1736.2741935483873,297.3064516129032
1818.8548387096778,292.1451612903227
1849.8225806451617,457.3064516129034
1759.5000000000002,465.0483870967744

1805.951612903226,292.1451612903227
1898.8548387096778,292.1451612903227
1844.6612903225807,459.88709677419365
1852.403225806452,457.3064516129034
1795.6290322580646,276.6612903225807


394.3387096774194,663.7580645161291
476.91935483870975,656.0161290322582
466.5967741935484,849.5645161290324
373.6935483870968,846.9838709677421

482.08064516129036,661.1774193548388
564.6612903225807,661.1774193548388
562.0806451612904,841.8225806451615
466.5967741935484,839.2419354838711

572.4032258064517,661.1774193548388
665.3064516129033,661.1774193548388
657.5645161290323,846.9838709677421
564.6612903225807,854.725806451613

657.5645161290323,668.9193548387098
750.4677419354839,663.7580645161291
753.0483870967744,854.725806451613
657.5645161290323,849.5645161290324

750.4677419354839,666.3387096774195
835.6290322580646,671.5000000000001
840.7903225806454,841.8225806451615
755.6290322580646,841.8225806451615

833.0483870967744,671.5000000000001
933.6935483870968,661.1774193548388
936.2741935483873,841.8225806451615
856.2741935483873,849.5645161290324

944.0161290322583,661.1774193548388
1026.5967741935485,661.1774193548388
1034.3387096774195,836.6612903225807
946.5967741935485,844.4032258064517

1024.0161290322583,666.3387096774195
1129.8225806451615,666.3387096774195
1122.0806451612905,841.8225806451615
1021.4354838709678,834.0806451612905

1124.6612903225807,658.5967741935485
1207.2419354838712,653.4354838709678
1222.7258064516132,859.8870967741937
1124.6612903225807,859.8870967741937

1207.2419354838712,653.4354838709678
1294.9838709677422,656.0161290322582
1310.4677419354841,841.8225806451615
1225.3064516129034,852.1451612903227

1302.7258064516132,666.3387096774195
1400.7903225806454,666.3387096774195
1413.693548387097,828.9193548387098
1305.3064516129034,852.1451612903227

1400.7903225806454,661.1774193548388
1488.5322580645163,656.0161290322582
1496.2741935483873,844.4032258064517
1418.8548387096776,841.8225806451615

1491.1129032258066,679.2419354838711
1578.8548387096776,668.9193548387098
1602.0806451612905,841.8225806451615
1506.5967741935485,846.9838709677421

1594.3387096774195,666.3387096774195
1671.7580645161293,661.1774193548388
1682.0806451612905,836.6612903225807
1604.661290322581,844.4032258064517

1679.5000000000002,666.3387096774195
1759.5000000000002,674.0806451612905
1782.725806451613,839.2419354838711
1692.403225806452,839.2419354838711

1762.0806451612905,668.9193548387098
1844.6612903225807,658.5967741935485
1891.1129032258066,844.4032258064517
1782.725806451613,854.725806451613

365.95161290322585,852.1451612903227
456.2741935483872,854.725806451613
440.79032258064524,1027.6290322580646
363.3709677419355,1030.209677419355

464.01612903225816,846.9838709677421
551.7580645161291,841.8225806451615
546.5967741935484,1037.9516129032259
461.4354838709678,1040.5322580645163

554.3387096774194,841.8225806451615
636.9193548387098,839.2419354838711
642.0806451612904,1035.3709677419356
538.8548387096774,1040.5322580645163

634.3387096774194,826.3387096774195
740.1451612903227,844.4032258064517
750.4677419354839,1058.5967741935485
626.5967741935484,1081.8225806451615

753.0483870967744,852.1451612903227
833.0483870967744,854.725806451613
840.7903225806454,1050.8548387096776
763.3709677419356,1048.2741935483873

848.5322580645163,859.8870967741937
933.6935483870968,852.1451612903227
941.4354838709678,1053.4354838709678
827.8870967741937,1053.4354838709678

925.9516129032259,852.1451612903227
1024.0161290322583,836.6612903225807
1031.7580645161293,1063.7580645161293
951.7580645161293,1066.3387096774195

1021.4354838709678,854.725806451613
1106.5967741935485,834.0806451612905
1127.2419354838712,1043.1129032258066
1026.5967741935485,1053.4354838709678

1127.2419354838712,844.4032258064517
1209.8225806451615,839.2419354838711
1227.8870967741937,1043.1129032258066
1127.2419354838712,1053.4354838709678

1209.8225806451615,849.5645161290324
1313.0483870967744,844.4032258064517
1323.3709677419356,1040.5322580645163
1230.4677419354841,1040.5322580645163

1310.4677419354841,854.725806451613
1390.4677419354841,849.5645161290324
1424.0161290322583,1027.6290322580646
1341.435483870968,1014.725806451613

1411.1129032258066,862.467741935484
1488.5322580645163,844.4032258064517
1524.661290322581,1048.2741935483873
1431.7580645161293,1050.8548387096776

1493.693548387097,846.9838709677421
1604.661290322581,839.2419354838711
1617.5645161290324,1043.1129032258066
1524.661290322581,1066.3387096774195

1591.7580645161293,852.1451612903227
1692.403225806452,854.725806451613
1715.6290322580649,1050.8548387096776
1635.6290322580646,1056.0161290322583

1687.2419354838712,836.6612903225807
1769.8225806451617,841.8225806451615
1811.1129032258066,1050.8548387096776
1705.3064516129034,1053.4354838709678

1782.725806451613,854.725806451613
1888.5322580645163,849.5645161290324
1914.3387096774197,1027.6290322580646
1805.951612903226,1056.0161290322583

1774.9838709677422,849.5645161290324
1888.5322580645163,849.5645161290324
1898.8548387096778,1061.177419354839
1824.0161290322583,1061.177419354839





